{
  "mean_IoU": 0.9117653542364713,
  "mean_Dice": 0.9535112818294934,
  "mAP_50_95": 0.31958188819994643,
  "AP50": 0.45279350533364215,
  "AP75": 0.3300637543801697,
  "num_images": 159
}